{
    "gui_light": "front",
    "display": {
        "gui": {
            "rotation": [ -22.5, 135, 0 ],
            "scale": [ 1.55555555, 1.55555555, 1.55555555 ]
        },
        "ground": {
            "rotation": [ 0, 0, 0 ],
            "translation": [ 0, 2, 0],
            "scale": [ 0.5, 0.5, 0.5 ]
        },
        "head": {
            "rotation": [ 0, 180, 0 ],
            "translation": [ 0, 0, -7 ],
            "scale":[ 1, 1, 1 ]
        },
        "thirdperson": {
            "rotation": [ -90, 0, 0 ],
            "translation": [ 0, 1, -3 ],
            "scale": [ 0.55, 0.55, 0.55 ]
        },
        "firstperson": {
            "rotation": [ 0, -135, 25 ],
            "translation": [ 0, 4, 2 ],
            "scale": [ 1.7, 1.7, 1.7 ]
        }
    },
    "elements": [
        {
            "from": [ 6, 1, 7.5 ],
            "to": [ 10, 2, 8.5 ],
            "faces": {
                "south": { "texture": "#base", "uv": [ 6, 14, 10, 15 ] },
                "north": { "texture": "#base", "uv": [ 10, 14, 6, 15 ] },
                "west":  { "texture": "#base", "uv": [ 7, 14, 6, 15 ] },
                "east":  { "texture": "#base", "uv": [ 9, 14, 10, 15 ] },
                "down":  { "texture": "#base", "uv": [ 6, 14, 10, 15 ] }
            }
        },
        {
            "from": [ 4, 2, 7.5 ],
            "to": [ 6, 3, 8.5 ],
            "faces": {
                "south": { "texture": "#base", "uv": [ 4, 13, 6, 14 ] },
                "north": { "texture": "#base", "uv": [ 6, 13, 4, 14 ] },
                "west":  { "texture": "#base", "uv": [ 5, 13, 4, 14 ] },
                "down":  { "texture": "#base", "uv": [ 4, 13, 6, 14 ] }
            }
        },
        {
            "from": [ 6, 2, 7.5 ],
            "to": [ 10, 3, 8.5 ],
            "faces": {
                "south": { "texture": "#base", "uv": [ 6, 13, 10, 14 ] },
                "north": { "texture": "#base", "uv": [ 10, 13, 6, 14 ] }
            }
        },
        {
            "from": [ 10, 2, 7.5 ],
            "to": [ 12, 3, 8.5 ],
            "faces": {
                "south": { "texture": "#base", "uv": [ 10, 13, 12, 14 ] },
                "north": { "texture": "#base", "uv": [ 12, 13, 10, 14 ] },
                "east":  { "texture": "#base", "uv": [ 11, 13, 12, 14 ] },
                "down":  { "texture": "#base", "uv": [ 10, 13, 12, 14 ] }
            }
        },
        {
            "from": [ 2, 3, 7.5 ],
            "to": [ 4, 4, 8.5 ],
            "faces": {
                "south": { "texture": "#base", "uv": [ 2, 12, 4, 13 ] },
                "north": { "texture": "#base", "uv": [ 4, 12, 2, 13 ] },
                "west":  { "texture": "#base", "uv": [ 3, 12, 2, 13 ] },
                "down":  { "texture": "#base", "uv": [ 2, 12, 4, 13 ] }
            }
        },
        {
            "from": [ 4, 3, 7.5 ],
            "to": [ 12, 4, 8.5 ],
            "faces": {
                "south": { "texture": "#base", "uv": [ 4, 12, 12, 13 ] },
                "north": { "texture": "#base", "uv": [ 12, 12, 4, 13 ] }
            }
        },
        {
            "from": [ 12, 3, 7.5 ],
            "to": [ 14, 4, 8.5 ],
            "faces": {
                "south": { "texture": "#base", "uv": [ 12, 12, 14, 13 ] },
                "north": { "texture": "#base", "uv": [ 14, 12, 12, 13 ] },
                "east":  { "texture": "#base", "uv": [ 13, 12, 14, 13 ] },
                "down":  { "texture": "#base", "uv": [ 12, 12, 14, 13 ] }
            }
        },
        {
            "from": [ 1, 4, 7.5 ],
            "to": [ 2, 12, 8.5 ],
            "faces": {
                "south": { "texture": "#base", "uv": [ 1, 4, 2, 12 ] },
                "north": { "texture": "#base", "uv": [ 2, 4, 1, 12 ] },
                "west":  { "texture": "#base", "uv": [ 2, 4, 1, 12 ] },
                "down":  { "texture": "#base", "uv": [ 2, 11, 1, 12 ] },
                "up":    { "texture": "#base", "uv": [ 1, 5, 2, 4 ] }
            }
        },
        {
            "from": [ 2, 4, 7.5 ],
            "to": [ 14, 6, 8.5 ],
            "faces": {
                "south": { "texture": "#base", "uv": [ 2, 10, 14, 12 ] },
                "north": { "texture": "#base", "uv": [ 14, 10, 2, 12 ] }
            }
        },
        {
            "from": [ 14, 4, 7.5 ],
            "to": [ 15, 9, 8.5 ],
            "faces": {
                "south": { "texture": "#base", "uv": [ 14, 7, 15, 12 ] },
                "north": { "texture": "#base", "uv": [ 15, 7, 14, 12 ] },
                "east":  { "texture": "#base", "uv": [ 14, 7, 14, 12 ] },
                "down":  { "texture": "#base", "uv": [ 15, 11, 14, 12 ] },
                "up":    { "texture": "#base", "uv": [ 14, 8, 15, 7 ] }
            }
        },
        {
            "from": [ 2, 6, 7.5 ],
            "to": [ 6, 7, 8.5 ],
            "faces": {
                "south": { "texture": "#base", "uv": [ 2, 9, 6, 10 ] },
                "north": { "texture": "#base", "uv": [ 6, 9, 2, 10 ] }
            }
        },
        {
            "from": [ 2, 7, 7.5 ],
            "to": [ 5, 11, 8.5 ],
            "faces": {
                "south": { "texture": "#base", "uv": [ 2, 5, 5, 9 ] },
                "north": { "texture": "#base", "uv": [ 5, 5, 2, 9 ] }
            }
        },
        {
            "from": [ 6, 6, 7.5 ],
            "to": [ 10, 7, 8.5 ],
            "faces": {
                "south": { "texture": "#base", "uv": [ 6, 6, 10, 7 ] },
                "north": { "texture": "#base", "uv": [ 10, 6, 6, 7 ] }
            }
        },
        {
            "from": [ 5, 7, 7.5 ],
            "to": [ 6, 8, 8.5 ],
            "faces": {
                "south": { "texture": "#base", "uv": [ 3, 3, 4, 4 ] },
                "north": { "texture": "#base", "uv": [ 4, 3, 3, 4 ] }
            }
        },
        {
            "from": [ 6, 7, 7.5 ],
            "to": [ 12, 8, 8.5 ],
            "faces": {
                "south": { "texture": "#base", "uv": [ 6, 5, 12, 6 ] },
                "north": { "texture": "#base", "uv": [ 12, 5, 6, 6 ] }
            }
        },
        {
            "from": [ 8, 8, 7.5 ],
            "to": [ 14, 9, 8.5 ],
            "faces": {
                "south": { "texture": "#base", "uv": [ 8, 4, 14, 5 ] },
                "north": { "texture": "#base", "uv": [ 14, 4, 8, 5 ] }
            }
        },
        {
            "from": [ 10, 9, 7.5 ],
            "to": [ 12, 10, 8.5 ],
            "faces": {
                "south": { "texture": "#base", "uv": [ 10, 3, 12, 4 ] },
                "north": { "texture": "#base", "uv": [ 12, 3, 10, 4 ] }
            }
        },
        {
            "from": [ 10, 6, 7.5 ],
            "to": [ 14, 7, 8.5 ],
            "faces": {
                "south": { "texture": "#base", "uv": [ 10, 9, 14, 10 ] },
                "north": { "texture": "#base", "uv": [ 14, 9, 10, 10 ] }
            }
        },
        {
            "from": [ 12, 7, 7.5 ],
            "to": [ 14, 8, 8.5 ],
            "faces": {
                "south": { "texture": "#base", "uv": [ 12, 8, 14, 9 ] },
                "north": { "texture": "#base", "uv": [ 14, 8, 12, 9 ] }
            }
        },
        {
            "from": [ 2, 11, 7.5 ],
            "to": [ 6, 12, 8.5 ],
            "faces": {
                "south": { "texture": "#base", "uv": [ 2, 4, 6, 5 ] },
                "north": { "texture": "#base", "uv": [ 6, 4, 2, 5 ] }
            }
        },
        {
            "from": [ 4, 12, 7.5 ],
            "to": [ 8, 13, 8.5 ],
            "faces": {
                "south": { "texture": "#base", "uv": [ 4, 3, 8, 4 ] },
                "north": { "texture": "#base", "uv": [ 8, 3, 4, 4 ] }
            }
        },
        {
            "from": [ 6, 13, 7.5 ],
            "to": [ 10, 14, 8.5 ],
            "faces": {
                "south": { "texture": "#base", "uv": [ 6, 2, 10, 3 ] },
                "north": { "texture": "#base", "uv": [ 10, 2, 6, 3 ] }
            }
        },
        {
            "from": [ 2, 12, 7.5 ],
            "to": [ 4, 13, 8.5 ],
            "faces": {
                "south": { "texture": "#base", "uv": [ 2, 3, 4, 4 ] },
                "north": { "texture": "#base", "uv": [ 4, 3, 2, 4 ] },
                "west":  { "texture": "#base", "uv": [ 3, 3, 2, 4 ] },
                "up":    { "texture": "#base", "uv": [ 2, 4, 4, 3 ] }
            }
        },
        {
            "from": [ 4, 13, 7.5 ],
            "to": [ 6, 14, 8.5 ],
            "faces": {
                "south": { "texture": "#base", "uv": [ 4, 2, 6, 3 ] },
                "north": { "texture": "#base", "uv": [ 6, 2, 4, 3 ] },
                "west":  { "texture": "#base", "uv": [ 5, 2, 4, 3 ] },
                "up":    { "texture": "#base", "uv": [ 4, 3, 6, 2 ] }
            }
        },
        {
            "from": [ 6, 14, 7.5 ],
            "to": [ 10, 15, 8.5 ],
            "faces": {
                "south": { "texture": "#base", "uv": [ 6, 1, 10, 2 ] },
                "north": { "texture": "#base", "uv": [ 10, 1, 6, 2 ] },
                "west":  { "texture": "#base", "uv": [ 7, 1, 6, 2 ] },
                "east":  { "texture": "#base", "uv": [ 9, 1, 10, 2 ] },
                "up":    { "texture": "#base", "uv": [ 6, 2, 10, 1 ] }
            }
        },
        {
            "from": [ 11, 10, 7.5 ],
            "to": [ 12, 11, 8.5 ],
            "faces": {
                "south": { "texture": "#base", "uv": [ 11, 2, 12, 3 ] },
                "north": { "texture": "#base", "uv": [ 12, 2, 11, 3 ] },
                "east":  { "texture": "#base", "uv": [ 12, 2, 11, 3 ] },
                "up":    { "texture": "#base", "uv": [ 11, 3, 12, 2 ] }
            }
        },
        {
            "from": [ 12, 9, 7.5 ],
            "to": [ 14, 10, 8.5 ],
            "faces": {
                "south": { "texture": "#base", "uv": [ 12, 3, 14, 4 ] },
                "north": { "texture": "#base", "uv": [ 14, 3, 12, 4 ] },
                "east":  { "texture": "#base", "uv": [ 14, 3, 13, 4 ] },
                "up":    { "texture": "#base", "uv": [ 12, 4, 14, 3 ] }
            }
        },
        {
            "from": [ 10, 11, 7.5 ],
            "to": [ 11, 14, 8.5 ],
            "faces": {
                "south": { "texture": "#base", "uv": [ 14, 4, 15, 7 ] },
                "north": { "texture": "#base", "uv": [ 15, 4, 14, 7 ] },
                "east":  { "texture": "#base", "uv": [ 14, 4, 15, 7 ] },
                "up":    { "texture": "#base", "uv": [ 14, 5, 15, 4 ] }
            }
        },
        {
            "from": [ 10, 10, 7.5 ],
            "to": [ 11, 11, 8.5 ],
            "faces": {
                "south": { "texture": "#base", "uv": [ 14, 7, 15, 8 ] },
                "north": { "texture": "#base", "uv": [ 15, 7, 14, 8 ] }
            }
        },
        {
            "from": [ 6, 8, 7.5 ],
            "to": [ 8, 9, 8.5 ],
            "faces": {
                "south": { "texture": "#base", "uv": [ 4, 2, 6, 3 ] },
                "north": { "texture": "#base", "uv": [ 6, 2, 4, 3 ] }
            }
        },
        {
            "from": [ 8, 9, 7.5 ],
            "to": [ 10, 10, 8.5 ],
            "faces": {
                "south": { "texture": "#base", "uv": [ 6, 1, 8, 2 ] },
                "north": { "texture": "#base", "uv": [ 8, 1, 6, 2 ] }
            }
        },
        {
            "from": [ 5, 8, 7.5 ],
            "to": [ 6, 11, 8.5 ],
            "faces": {
                "south": { "texture": "#base", "uv": [ 9, 7, 10, 10 ] },
                "north": { "texture": "#base", "uv": [ 10, 7, 9, 10 ] }
            }
        },
        {
            "from": [ 6, 9, 7.5 ],
            "to": [ 8, 12, 8.5 ],
            "faces": {
                "south": { "texture": "#base", "uv": [ 10, 6, 12, 9 ] },
                "north": { "texture": "#base", "uv": [ 12, 6, 10, 9 ] }
            }
        },
        {
            "from": [ 8, 10, 7.5 ],
            "to": [ 10, 13, 8.5 ],
            "faces": {
                "south": { "texture": "#base", "uv": [ 12, 5, 14, 8 ] },
                "north": { "texture": "#base", "uv": [ 14, 5, 12, 8 ] }
            }
        }
    ]
}
