{
  "parent": "item/block_item",
  "elements": [
    {
      "from": [ 6, 1, 7 ],
      "to": [ 10, 2, 8 ],
      "faces": {
        "south": { "texture": "#base", "uv": [ 6, 14, 10, 15 ], "tintindex": 0 },
        "north": { "texture": "#base", "uv": [ 10, 14, 6, 15 ], "tintindex": 0 },
        "west":  { "texture": "#base", "uv": [ 6, 14, 7, 15 ], "tintindex": 0 },
        "east":  { "texture": "#base", "uv": [ 9, 14, 10, 15 ], "tintindex": 0 },
        "down":  { "texture": "#base", "uv": [ 6, 14, 10, 15 ], "tintindex": 0 }
      }
    },
    {
      "from": [ 4, 2, 7 ],
      "to": [ 6, 3, 8 ],
      "faces": {
        "south": { "texture": "#base", "uv": [ 4, 13, 6, 14 ], "tintindex": 0 },
        "north": { "texture": "#base", "uv": [ 6, 13, 4, 14 ], "tintindex": 0 },
        "west":  { "texture": "#base", "uv": [ 4, 13, 5, 14 ], "tintindex": 0 },
        "down":  { "texture": "#base", "uv": [ 4, 13, 6, 14 ], "tintindex": 0 }
      }
    },
    {
      "from": [ 6, 2, 7 ],
      "to": [ 10, 3, 8 ],
      "faces": {
        "south": { "texture": "#base", "uv": [ 6, 13, 10, 14 ], "tintindex": 0 },
        "north": { "texture": "#base", "uv": [ 10, 13, 6, 14 ], "tintindex": 0 }
      }
    },
    {
      "from": [ 10, 2, 7 ],
      "to": [ 12, 3, 8 ],
      "faces": {
        "south": { "texture": "#base", "uv": [ 10, 13, 12, 14 ], "tintindex": 0 },
        "north": { "texture": "#base", "uv": [ 12, 13, 10, 14 ], "tintindex": 0 },
        "east":  { "texture": "#base", "uv": [ 11, 13, 12, 14 ], "tintindex": 0 },
        "down":  { "texture": "#base", "uv": [ 12, 13, 10, 14 ], "tintindex": 0 }
      }
    },
    {
      "from": [ 2, 3, 7 ],
      "to": [ 4, 4, 8 ],
      "faces": {
        "south": { "texture": "#base", "uv": [ 2, 12, 4, 13 ], "tintindex": 0 },
        "north": { "texture": "#base", "uv": [ 4, 12, 2, 13 ], "tintindex": 0 },
        "west":  { "texture": "#base", "uv": [ 2, 12, 3, 13 ], "tintindex": 0 },
        "down":  { "texture": "#base", "uv": [ 2, 12, 4, 13 ], "tintindex": 0 }
      }
    },
    {
      "from": [ 4, 3, 7 ],
      "to": [ 12, 4, 8 ],
      "faces": {
        "south": { "texture": "#base", "uv": [ 4, 12, 12, 13 ], "tintindex": 0 },
        "north": { "texture": "#base", "uv": [ 12, 12, 4, 13 ], "tintindex": 0 }
      }
    },
    {
      "from": [ 12, 3, 7 ],
      "to": [ 14, 4, 8 ],
      "faces": {
        "south": { "texture": "#base", "uv": [ 12, 12, 14, 13 ], "tintindex": 0 },
        "north": { "texture": "#base", "uv": [ 14, 12, 12, 13 ], "tintindex": 0 },
        "east":  { "texture": "#base", "uv": [ 13, 12, 14, 13 ], "tintindex": 0 },
        "down":  { "texture": "#base", "uv": [ 14, 12, 12, 13 ], "tintindex": 0 }
      }
    },
    {
      "from": [ 1, 4, 7 ],
      "to": [ 2, 12, 8 ],
      "faces": {
        "south": { "texture": "#base", "uv": [ 1, 4, 2, 12 ], "tintindex": 0 },
        "north": { "texture": "#base", "uv": [ 2, 4, 1, 12 ], "tintindex": 0 },
        "west":  { "texture": "#base", "uv": [ 1, 4, 2, 12 ], "tintindex": 0 },
        "down":  { "texture": "#base", "uv": [ 1, 4, 2, 12 ], "tintindex": 0 },
        "up":    { "texture": "#base", "uv": [ 1, 4, 2, 12 ], "tintindex": 0 }
      }
    },
    {
      "from": [ 2, 4, 7 ],
      "to": [ 14, 12, 8 ],
      "faces": {
        "south": { "texture": "#base", "uv": [ 2, 4, 14, 12 ], "tintindex": 0 },
        "north": { "texture": "#base", "uv": [ 14, 4, 2, 12 ], "tintindex": 0 }
      }
    },
    {
      "from": [ 14, 4, 7 ],
      "to": [ 15, 12, 8 ],
      "faces": {
        "south": { "texture": "#base", "uv": [ 14, 4, 15, 12 ], "tintindex": 0 },
        "north": { "texture": "#base", "uv": [ 15, 4, 14, 12 ], "tintindex": 0 },
        "east":  { "texture": "#base", "uv": [ 14, 4, 15, 12 ], "tintindex": 0 },
        "down":  { "texture": "#base", "uv": [ 15, 4, 14, 12 ], "tintindex": 0 },
        "up":    { "texture": "#base", "uv": [ 15, 4, 14, 12 ], "tintindex": 0 }
      }
    },
    {
      "from": [ 2, 12, 7 ],
      "to": [ 4, 13, 8 ],
      "faces": {
        "south": { "texture": "#base", "uv": [ 2, 3, 4, 4 ], "tintindex": 0 },
        "north": { "texture": "#base", "uv": [ 4, 3, 2, 4 ], "tintindex": 0 },
        "west":  { "texture": "#base", "uv": [ 2, 3, 3, 4 ], "tintindex": 0 },
        "up":    { "texture": "#base", "uv": [ 2, 3, 4, 4 ], "tintindex": 0 }
      }
    },
    {
      "from": [ 4, 12, 7 ],
      "to": [ 12, 13, 8 ],
      "faces": {
        "south": { "texture": "#base", "uv": [ 4, 3, 12, 4 ], "tintindex": 0 },
        "north": { "texture": "#base", "uv": [ 12, 3, 4, 4 ], "tintindex": 0 }
      }
    },
    {
      "from": [ 12, 12, 7 ],
      "to": [ 14, 13, 8 ],
      "faces": {
        "south": { "texture": "#base", "uv": [ 12, 3, 14, 4 ], "tintindex": 0 },
        "north": { "texture": "#base", "uv": [ 14, 3, 12, 4 ], "tintindex": 0 },
        "east":  { "texture": "#base", "uv": [ 13, 3, 14, 4 ], "tintindex": 0 },
        "up":    { "texture": "#base", "uv": [ 14, 3, 12, 4 ], "tintindex": 0 }
      }
    },
    {
      "from": [ 4, 13, 7 ],
      "to": [ 6, 14, 8 ],
      "faces": {
        "south": { "texture": "#base", "uv": [ 4, 2, 6, 3 ], "tintindex": 0 },
        "north": { "texture": "#base", "uv": [ 6, 2, 4, 3 ], "tintindex": 0 },
        "west":  { "texture": "#base", "uv": [ 4, 2, 5, 3 ], "tintindex": 0 },
        "up":    { "texture": "#base", "uv": [ 4, 2, 6, 3 ], "tintindex": 0 }
      }
    },
    {
      "from": [ 6, 13, 7 ],
      "to": [ 10, 14, 8 ],
      "faces": {
        "south": { "texture": "#base", "uv": [ 6, 2, 10, 3 ], "tintindex": 0 },
        "north": { "texture": "#base", "uv": [ 10, 2, 6, 3 ], "tintindex": 0 }
      }
    },
    {
      "from": [ 10, 13, 7 ],
      "to": [ 12, 14, 8 ],
      "faces": {
        "south": { "texture": "#base", "uv": [ 10, 2, 12, 3 ], "tintindex": 0 },
        "north": { "texture": "#base", "uv": [ 12, 2, 10, 3 ], "tintindex": 0 },
        "east":  { "texture": "#base", "uv": [ 11, 2, 12, 3 ], "tintindex": 0 },
        "up":    { "texture": "#base", "uv": [ 12, 2, 10, 3 ], "tintindex": 0 }
      }
    },
    {
      "from": [ 6, 14, 7 ],
      "to": [ 10, 15, 8 ],
      "faces": {
        "south": { "texture": "#base", "uv": [ 6, 1, 10, 2 ], "tintindex": 0 },
        "north": { "texture": "#base", "uv": [ 10, 1, 6, 2 ], "tintindex": 0 },
        "west":  { "texture": "#base", "uv": [ 6, 1, 7, 2 ], "tintindex": 0 },
        "east":  { "texture": "#base", "uv": [ 9, 1, 10, 2 ], "tintindex": 0 },
        "up":    { "texture": "#base", "uv": [ 10, 1, 6, 2 ], "tintindex": 0 }
      }
    }
  ]
}
