{
  "parent": "item/block_item",
  "elements": [
    {
      "from": [ 6, 1, 7 ],
      "to": [ 10, 2, 8 ],
      "faces": {
        "south": { "texture": "#base", "uv": [ 6, 14, 10, 15 ] },
        "north": { "texture": "#base", "uv": [ 10, 14, 6, 15 ] },
        "west":  { "texture": "#base", "uv": [ 7, 14, 6, 15 ] },
        "east":  { "texture": "#base", "uv": [ 9, 14, 10, 15 ] },
        "down":  { "texture": "#base", "uv": [ 6, 14, 10, 15 ] }
      }
    },
    {
      "from": [ 4, 2, 7 ],
      "to": [ 6, 3, 8 ],
      "faces": {
        "south": { "texture": "#base", "uv": [ 4, 13, 6, 14 ] },
        "north": { "texture": "#base", "uv": [ 6, 13, 4, 14 ] },
        "west":  { "texture": "#base", "uv": [ 5, 13, 4, 14 ] },
        "down":  { "texture": "#base", "uv": [ 4, 13, 6, 14 ] }
      }
    },
    {
      "from": [ 6, 2, 7 ],
      "to": [ 10, 3, 8 ],
      "faces": {
        "south": { "texture": "#base", "uv": [ 6, 9, 10, 10 ] },
        "north": { "texture": "#base", "uv": [ 10, 9, 6, 10 ] }
      }
    },
    {
      "from": [ 10, 2, 7 ],
      "to": [ 12, 3, 8 ],
      "faces": {
        "south": { "texture": "#base", "uv": [ 10, 13, 12, 14 ] },
        "north": { "texture": "#base", "uv": [ 12, 13, 10, 14 ] },
        "east":  { "texture": "#base", "uv": [ 11, 13, 12, 14 ] },
        "down":  { "texture": "#base", "uv": [ 10, 13, 12, 14 ] }
      }
    },
    {
      "from": [ 2, 3, 7 ],
      "to": [ 4, 4, 8 ],
      "faces": {
        "south": { "texture": "#base", "uv": [ 2, 12, 4, 13 ] },
        "north": { "texture": "#base", "uv": [ 4, 12, 2, 13 ] },
        "west":  { "texture": "#base", "uv": [ 3, 12, 2, 13 ] },
        "down":  { "texture": "#base", "uv": [ 2, 12, 4, 13 ] }
      }
    },
    {
      "from": [ 4, 3, 7 ],
      "to": [ 12, 4, 8 ],
      "faces": {
        "south": { "texture": "#base", "uv": [ 4, 8, 12, 9 ] },
        "north": { "texture": "#base", "uv": [ 12, 8, 4, 9 ] }
      }
    },
    {
      "from": [ 12, 3, 7 ],
      "to": [ 14, 4, 8 ],
      "faces": {
        "south": { "texture": "#base", "uv": [ 12, 12, 14, 13 ] },
        "north": { "texture": "#base", "uv": [ 14, 12, 12, 13 ] },
        "east":  { "texture": "#base", "uv": [ 13, 12, 14, 13 ] },
        "down":  { "texture": "#base", "uv": [ 12, 12, 14, 13 ] }
      }
    },
    {
      "from": [ 1, 4, 7 ],
      "to": [ 2, 8, 8 ],
      "faces": {
        "south": { "texture": "#base", "uv": [ 1, 8, 2, 12 ] },
        "north": { "texture": "#base", "uv": [ 2, 8, 1, 12 ] },
        "west":  { "texture": "#base", "uv": [ 2, 8, 1, 12 ] },
        "down":  { "texture": "#base", "uv": [ 1, 8, 2, 12 ] },
        "up":    { "texture": "#base", "uv": [ 1, 8, 2, 12 ] }
      }
    },
    {
      "from": [ 2, 4, 7 ],
      "to": [ 14, 8, 8 ],
      "faces": {
        "south": { "texture": "#base", "uv": [ 2, 4, 14, 8 ] },
        "north": { "texture": "#base", "uv": [ 14, 4, 2, 8 ] }
      }
    },
    {
      "from": [ 14, 4, 7 ],
      "to": [ 15, 8, 8 ],
      "faces": {
        "south": { "texture": "#base", "uv": [ 14, 8, 15, 12 ] },
        "north": { "texture": "#base", "uv": [ 15, 8, 14, 12 ] },
        "east":  { "texture": "#base", "uv": [ 14, 8, 15, 12 ] },
        "down":  { "texture": "#base", "uv": [ 14, 8, 15, 12 ] },
        "up":    { "texture": "#base", "uv": [ 14, 8, 15, 12 ] }
      }
    },
    {
      "from": [ 2, 8, 7 ],
      "to": [ 4, 9, 8 ],
      "faces": {
        "south": { "texture": "#base", "uv": [ 2, 3, 4, 4 ] },
        "north": { "texture": "#base", "uv": [ 4, 3, 2, 4 ] },
        "west":  { "texture": "#base", "uv": [ 3, 3, 2, 4 ] },
        "up":    { "texture": "#base", "uv": [ 2, 3, 4, 4 ] }
      }
    },
    {
      "from": [ 4, 8, 7 ],
      "to": [ 12, 9, 8 ],
      "faces": {
        "south": { "texture": "#base", "uv": [ 4, 3, 12, 4 ] },
        "north": { "texture": "#base", "uv": [ 12, 3, 4, 4 ] }
      }
    },
    {
      "from": [ 12, 8, 7 ],
      "to": [ 14, 9, 8 ],
      "faces": {
        "south": { "texture": "#base", "uv": [ 12, 3, 14, 4 ] },
        "north": { "texture": "#base", "uv": [ 14, 3, 12, 4 ] },
        "east":  { "texture": "#base", "uv": [ 13, 3, 14, 4 ] },
        "up":    { "texture": "#base", "uv": [ 12, 3, 14, 4 ] }
      }
    },
    {
      "from": [ 4, 9, 7 ],
      "to": [ 6, 10, 8 ],
      "faces": {
        "south": { "texture": "#base", "uv": [ 4, 2, 6, 3 ] },
        "north": { "texture": "#base", "uv": [ 6, 2, 4, 3 ] },
        "west":  { "texture": "#base", "uv": [ 5, 2, 4, 3 ] },
        "up":    { "texture": "#base", "uv": [ 4, 2, 6, 3 ] }
      }
    },
    {
      "from": [ 6, 9, 7 ],
      "to": [ 10, 10, 8 ],
      "faces": {
        "south": { "texture": "#base", "uv": [ 6, 2, 10, 3 ] },
        "north": { "texture": "#base", "uv": [ 10, 2, 6, 3 ] }
      }
    },
    {
      "from": [ 10, 9, 7 ],
      "to": [ 12, 10, 8 ],
      "faces": {
        "south": { "texture": "#base", "uv": [ 10, 2, 12, 3 ] },
        "north": { "texture": "#base", "uv": [ 12, 2, 10, 3 ] },
        "east":  { "texture": "#base", "uv": [ 11, 2, 12, 3 ] },
        "up":    { "texture": "#base", "uv": [ 10, 2, 12, 3 ] }
      }
    },
    {
      "from": [ 6, 10, 7 ],
      "to": [ 10, 11, 8 ],
      "faces": {
        "south": { "texture": "#base", "uv": [ 6, 1, 10, 2 ] },
        "north": { "texture": "#base", "uv": [ 10, 1, 6, 2 ] },
        "west":  { "texture": "#base", "uv": [ 7, 1, 6, 2 ] },
        "east":  { "texture": "#base", "uv": [ 9, 1, 10, 2 ] },
        "up":    { "texture": "#base", "uv": [ 6, 1, 10, 2 ] }
      }
    }
  ]
}